"","StockKeyLabel","StockKeyDescription","SpeciesScientificName","SpeciesCommonName","FisheriesGuild.y","DataCategory","AssessmentYear","AdviceCategory","lineDescription","FishingPressure","Ecoregion","StockSize","SBL","D3C1","D3C2","GES"
"1","agn.27.nea","Angel shark in subareas 1-10, 12 and 14","Squatina squatina","Angel shark","Elasmobranch","6.3",2019,"PA","Maximum sustainable yield","GREY","Arctic Ocean Ecoregion, Azores Ecoregion, Bay of Biscay and the Iberian Coast Ecoregion, Barents Sea Ecoregion, Celtic Seas Ecoregion, Faroes Ecoregion, Greenland Sea Ecoregion, Iceland Sea Ecoregion, Greater North Sea Ecoregion, Norwegian Sea Ecoregion, Oceanic Northeast Atlantic Ecoregion","GREY","GREY","GREY","GREY","GREY"
"2","agn.27.nea","Angel shark in subareas 1-10, 12 and 14","Squatina squatina","Angel shark","Elasmobranch","6.3",2019,"PA","Precautionary approach","GREY","Arctic Ocean Ecoregion, Azores Ecoregion, Bay of Biscay and the Iberian Coast Ecoregion, Barents Sea Ecoregion, Celtic Seas Ecoregion, Faroes Ecoregion, Greenland Sea Ecoregion, Iceland Sea Ecoregion, Greater North Sea Ecoregion, Norwegian Sea Ecoregion, Oceanic Northeast Atlantic Ecoregion","GREY","GREY","GREY","GREY","GREY"
"3","alf.27.nea","Alfonsinos in subareas 1-10, 12 and 14","Beryx","Alfonsinos","Demersal","5.2",2018,"PA","Maximum sustainable yield","GREY","Arctic Ocean Ecoregion, Azores Ecoregion, Bay of Biscay and the Iberian Coast Ecoregion, Barents Sea Ecoregion, Celtic Seas Ecoregion, Faroes Ecoregion, Greenland Sea Ecoregion, Iceland Sea Ecoregion, Greater North Sea Ecoregion, Norwegian Sea Ecoregion, Oceanic Northeast Atlantic Ecoregion","GREY","GREY","GREY","GREY","GREY"
"4","alf.27.nea","Alfonsinos in subareas 1-10, 12 and 14","Beryx","Alfonsinos","Demersal","5.2",2018,"PA","Precautionary approach","GREY","Arctic Ocean Ecoregion, Azores Ecoregion, Bay of Biscay and the Iberian Coast Ecoregion, Barents Sea Ecoregion, Celtic Seas Ecoregion, Faroes Ecoregion, Greenland Sea Ecoregion, Iceland Sea Ecoregion, Greater North Sea Ecoregion, Norwegian Sea Ecoregion, Oceanic Northeast Atlantic Ecoregion","GREY","GREY","GREY","GREY","GREY"
"5","anf.27.3a46","Anglerfish in Subareas 4 and 6, and Division 3.a","Lophius budegassa, Lophius piscatorius","Anglerfish","Benthic","3.2",2019,"PA","Maximum sustainable yield","GREY","Celtic Seas Ecoregion, Faroes Ecoregion, Greater North Sea Ecoregion, Oceanic Northeast Atlantic Ecoregion","GREY","GREY","GREY","GREY","GREY"
"6","anf.27.3a46","Anglerfish in Subareas 4 and 6, and Division 3.a","Lophius budegassa, Lophius piscatorius","Anglerfish","Benthic","3.2",2019,"PA","Precautionary approach","GREY","Celtic Seas Ecoregion, Faroes Ecoregion, Greater North Sea Ecoregion, Oceanic Northeast Atlantic Ecoregion","GREY","GREY","GREY","GREY","GREY"
"7","ank.27.78abd","Black-bellied anglerfish in Subarea 7 and divisions 8.a-b and 8.d","Lophius budegassa","Black-bellied anglerfish","Benthic","3.2",2019,"PA","Maximum sustainable yield","GREEN","Bay of Biscay and the Iberian Coast Ecoregion, Celtic Seas Ecoregion, Greater North Sea Ecoregion, Oceanic Northeast Atlantic Ecoregion","GREY","GREY","GREEN","GREY","GREY"
"8","ank.27.78abd","Black-bellied anglerfish in Subarea 7 and divisions 8.a-b and 8.d","Lophius budegassa","Black-bellied anglerfish","Benthic","3.2",2019,"PA","Precautionary approach","GREY","Bay of Biscay and the Iberian Coast Ecoregion, Celtic Seas Ecoregion, Greater North Sea Ecoregion, Oceanic Northeast Atlantic Ecoregion","GREY","GREY","GREY","GREY","GREY"
"9","aru.27.5b6a","Greater silver smelt in divisions 5.b and 6.a","Argentina silus","Greater silver smelt","Pelagic","3.2",2019,"PA","Maximum sustainable yield","GREEN","Celtic Seas Ecoregion, Faroes Ecoregion","GREY","GREY","GREEN","GREY","GREY"
"10","aru.27.5b6a","Greater silver smelt in divisions 5.b and 6.a","Argentina silus","Greater silver smelt","Pelagic","3.2",2019,"PA","Precautionary approach","GREEN","Celtic Seas Ecoregion, Faroes Ecoregion","GREY","GREY","GREEN","GREY","GREY"
"11","aru.27.6b7-1012","Greater silver smelt in subareas 7-10 and 12, and Division 6.b","Argentina silus","Greater silver smelt","Pelagic","3.2",2019,"PA","Maximum sustainable yield","GREY","Azores Ecoregion, Bay of Biscay and the Iberian Coast Ecoregion, Celtic Seas Ecoregion, Greenland Sea Ecoregion, Iceland Sea Ecoregion, Greater North Sea Ecoregion, Oceanic Northeast Atlantic Ecoregion","GREY","GREY","GREY","GREY","GREY"
"12","aru.27.6b7-1012","Greater silver smelt in subareas 7-10 and 12, and Division 6.b","Argentina silus","Greater silver smelt","Pelagic","3.2",2019,"PA","Precautionary approach","GREY","Azores Ecoregion, Bay of Biscay and the Iberian Coast Ecoregion, Celtic Seas Ecoregion, Greenland Sea Ecoregion, Iceland Sea Ecoregion, Greater North Sea Ecoregion, Oceanic Northeast Atlantic Ecoregion","GREY","GREY","GREY","GREY","GREY"
"13","bli.27.5b67","Blue ling in subareas 6-7 and Division 5.b","Molva dypterygia","Blue ling","Demersal","1",2018,"MSY","Maximum sustainable yield","GREEN","Celtic Seas Ecoregion, Faroes Ecoregion, Iceland Sea Ecoregion, Greater North Sea Ecoregion, Oceanic Northeast Atlantic Ecoregion","GREEN","GREEN","GREEN","GREEN","GREEN"
"14","bli.27.5b67","Blue ling in subareas 6-7 and Division 5.b","Molva dypterygia","Blue ling","Demersal","1",2018,"MSY","Precautionary approach","GREEN","Celtic Seas Ecoregion, Faroes Ecoregion, Iceland Sea Ecoregion, Greater North Sea Ecoregion, Oceanic Northeast Atlantic Ecoregion","GREEN","GREEN","GREEN","GREEN","GREEN"
"15","boc.27.6-8","Boarfish in subareas 6-8 ","Capros aper","Boarfish","Pelagic","3.2",2019,"PA","Maximum sustainable yield","GREY","Bay of Biscay and the Iberian Coast Ecoregion, Celtic Seas Ecoregion, Greater North Sea Ecoregion, Oceanic Northeast Atlantic Ecoregion","GREY","GREY","GREY","GREY","GREY"
"16","boc.27.6-8","Boarfish in subareas 6-8 ","Capros aper","Boarfish","Pelagic","3.2",2019,"PA","Precautionary approach","GREY","Bay of Biscay and the Iberian Coast Ecoregion, Celtic Seas Ecoregion, Greater North Sea Ecoregion, Oceanic Northeast Atlantic Ecoregion","GREY","GREY","GREY","GREY","GREY"
"17","bsf.27.nea","Black scabbardfish in subareas 1, 2, 4-8, 10, and 14, and divisions 3.a, 9.a, and 12.b ","Aphanopus carbo","Black scabbardfish","Pelagic","3.2",2018,"PA","Maximum sustainable yield","GREY","Arctic Ocean Ecoregion, Azores Ecoregion, Bay of Biscay and the Iberian Coast Ecoregion, Barents Sea Ecoregion, Celtic Seas Ecoregion, Faroes Ecoregion, Greenland Sea Ecoregion, Iceland Sea Ecoregion, Greater North Sea Ecoregion, Norwegian Sea Ecoregion, Oceanic Northeast Atlantic Ecoregion","GREY","GREY","GREY","GREY","GREY"
"18","bsf.27.nea","Black scabbardfish in subareas 1, 2, 4-8, 10, and 14, and divisions 3.a, 9.a, and 12.b ","Aphanopus carbo","Black scabbardfish","Pelagic","3.2",2018,"PA","Precautionary approach","GREY","Arctic Ocean Ecoregion, Azores Ecoregion, Bay of Biscay and the Iberian Coast Ecoregion, Barents Sea Ecoregion, Celtic Seas Ecoregion, Faroes Ecoregion, Greenland Sea Ecoregion, Iceland Sea Ecoregion, Greater North Sea Ecoregion, Norwegian Sea Ecoregion, Oceanic Northeast Atlantic Ecoregion","GREY","GREY","GREY","GREY","GREY"
"19","bsk.27.nea","Basking shark in Subareas 1-10, 12 and 14","Cetorhinus maximus","Basking shark","Elasmobranch","6.3",2019,"PA","Maximum sustainable yield","GREY","Arctic Ocean Ecoregion, Azores Ecoregion, Bay of Biscay and the Iberian Coast Ecoregion, Barents Sea Ecoregion, Celtic Seas Ecoregion, Faroes Ecoregion, Greenland Sea Ecoregion, Iceland Sea Ecoregion, Greater North Sea Ecoregion, Norwegian Sea Ecoregion, Oceanic Northeast Atlantic Ecoregion","GREY","GREY","GREY","GREY","GREY"
"20","bsk.27.nea","Basking shark in Subareas 1-10, 12 and 14","Cetorhinus maximus","Basking shark","Elasmobranch","6.3",2019,"PA","Precautionary approach","GREY","Arctic Ocean Ecoregion, Azores Ecoregion, Bay of Biscay and the Iberian Coast Ecoregion, Barents Sea Ecoregion, Celtic Seas Ecoregion, Faroes Ecoregion, Greenland Sea Ecoregion, Iceland Sea Ecoregion, Greater North Sea Ecoregion, Norwegian Sea Ecoregion, Oceanic Northeast Atlantic Ecoregion","GREY","GREY","GREY","GREY","GREY"
"21","bss.27.4bc7ad-h","Seabass in Divisions 4.b-c, 7.a, and 7.d-h","Dicentrarchus labrax","Seabass","Demersal","1.2",2018,"MSY","Maximum sustainable yield","GREEN","Celtic Seas Ecoregion, Greater North Sea Ecoregion","RED","RED","GREEN","RED","RED"
"22","bss.27.4bc7ad-h","Seabass in Divisions 4.b-c, 7.a, and 7.d-h","Dicentrarchus labrax","Seabass","Demersal","1.2",2018,"MSY","Precautionary approach","GREEN","Celtic Seas Ecoregion, Greater North Sea Ecoregion","RED","RED","GREEN","RED","RED"
"23","bss.27.6a7bj","Seabass in divisions 6.a, 7.b, and 7.j","Dicentrarchus labrax","Seabass","Demersal","6.2",2017,"PA","Maximum sustainable yield","GREY","Celtic Seas Ecoregion","GREY","GREY","GREY","GREY","GREY"
"24","bss.27.6a7bj","Seabass in divisions 6.a, 7.b, and 7.j","Dicentrarchus labrax","Seabass","Demersal","6.2",2017,"PA","Precautionary approach","GREY","Celtic Seas Ecoregion","GREY","GREY","GREY","GREY","GREY"
"25","cod.27.6a","Cod in Division 6.a","Gadus morhua","Cod","Demersal","1.2",2019,"MSY","Maximum sustainable yield","RED","Celtic Seas Ecoregion","RED","RED","RED","RED","RED"
"26","cod.27.6a","Cod in Division 6.a","Gadus morhua","Cod","Demersal","1.2",2019,"MSY","Precautionary approach","ORANGE","Celtic Seas Ecoregion","RED","RED","ORANGE","RED","RED"
"27","cod.27.6b","Cod in Division 6.b","Gadus morhua","Cod","Demersal","6.2",2017,"PA","Maximum sustainable yield","GREY","Celtic Seas Ecoregion, Oceanic Northeast Atlantic Ecoregion","GREY","GREY","GREY","GREY","GREY"
"28","cod.27.6b","Cod in Division 6.b","Gadus morhua","Cod","Demersal","6.2",2017,"PA","Precautionary approach","GREY","Celtic Seas Ecoregion, Oceanic Northeast Atlantic Ecoregion","GREY","GREY","GREY","GREY","GREY"
"29","cod.27.7a","Cod in Division 7.a","Gadus morhua","Cod","Demersal","3",2019,"MSY","Maximum sustainable yield","GREY","Celtic Seas Ecoregion","GREY","GREY","GREY","GREY","GREY"
"30","cod.27.7a","Cod in Division 7.a","Gadus morhua","Cod","Demersal","3",2019,"MSY","Precautionary approach","GREY","Celtic Seas Ecoregion","GREY","GREY","GREY","GREY","GREY"
"31","cod.27.7e-k","Cod in divisions 7.e-k","Gadus morhua","Cod","Demersal","1",2019,"MSY","Maximum sustainable yield","RED","Celtic Seas Ecoregion, Greater North Sea Ecoregion, Oceanic Northeast Atlantic Ecoregion","RED","RED","RED","RED","RED"
"32","cod.27.7e-k","Cod in divisions 7.e-k","Gadus morhua","Cod","Demersal","1",2019,"MSY","Precautionary approach","RED","Celtic Seas Ecoregion, Greater North Sea Ecoregion, Oceanic Northeast Atlantic Ecoregion","RED","RED","RED","RED","RED"
"33","cyo.27.nea","Portuguese dogfish in subareas 1-10, 12 and 14","Centrophorus squamosus, Centroscymnus coelolepis","Portuguese dogfish","Elasmobranch","6.3",2019,"PA","Maximum sustainable yield","GREY","Arctic Ocean Ecoregion, Azores Ecoregion, Bay of Biscay and the Iberian Coast Ecoregion, Barents Sea Ecoregion, Celtic Seas Ecoregion, Faroes Ecoregion, Greenland Sea Ecoregion, Iceland Sea Ecoregion, Greater North Sea Ecoregion, Norwegian Sea Ecoregion, Oceanic Northeast Atlantic Ecoregion","GREY","GREY","GREY","GREY","GREY"
"34","cyo.27.nea","Portuguese dogfish in subareas 1-10, 12 and 14","Centrophorus squamosus, Centroscymnus coelolepis","Portuguese dogfish","Elasmobranch","6.3",2019,"PA","Precautionary approach","GREY","Arctic Ocean Ecoregion, Azores Ecoregion, Bay of Biscay and the Iberian Coast Ecoregion, Barents Sea Ecoregion, Celtic Seas Ecoregion, Faroes Ecoregion, Greenland Sea Ecoregion, Iceland Sea Ecoregion, Greater North Sea Ecoregion, Norwegian Sea Ecoregion, Oceanic Northeast Atlantic Ecoregion","GREY","GREY","GREY","GREY","GREY"
"35","dgs.27.nea","Spurdog in Subareas 1-10, 12 and 14","Squalus acanthias","Spurdog","Elasmobranch","1.2",2018,"MSY/PA","Maximum sustainable yield","GREEN","Arctic Ocean Ecoregion, Azores Ecoregion, Bay of Biscay and the Iberian Coast Ecoregion, Barents Sea Ecoregion, Celtic Seas Ecoregion, Faroes Ecoregion, Greenland Sea Ecoregion, Iceland Sea Ecoregion, Greater North Sea Ecoregion, Norwegian Sea Ecoregion, Oceanic Northeast Atlantic Ecoregion","RED","GREY","GREEN","RED","RED"
"36","dgs.27.nea","Spurdog in Subareas 1-10, 12 and 14","Squalus acanthias","Spurdog","Elasmobranch","1.2",2018,"MSY/PA","Precautionary approach","GREEN","Arctic Ocean Ecoregion, Azores Ecoregion, Bay of Biscay and the Iberian Coast Ecoregion, Barents Sea Ecoregion, Celtic Seas Ecoregion, Faroes Ecoregion, Greenland Sea Ecoregion, Iceland Sea Ecoregion, Greater North Sea Ecoregion, Norwegian Sea Ecoregion, Oceanic Northeast Atlantic Ecoregion","GREY","GREY","GREEN","GREY","GREY"
"37","ele.2737.nea","European eel throughout its natural range","Anguilla anguilla","Eel","Demersal","3.14",2018,"PA","Maximum sustainable yield","GREY","Arctic Ocean Ecoregion, Azores Ecoregion, Bay of Biscay and the Iberian Coast Ecoregion, Barents Sea Ecoregion, Baltic Sea Ecoregion, Celtic Seas Ecoregion, Faroes Ecoregion, Greenland Sea Ecoregion, Iceland Sea Ecoregion, Greater North Sea Ecoregion, Norwegian Sea Ecoregion, Oceanic Northeast Atlantic Ecoregion","RED","GREY","GREY","RED","RED"
"38","ele.2737.nea","European eel throughout its natural range","Anguilla anguilla","Eel","Demersal","3.14",2018,"PA","Precautionary approach","GREY","Arctic Ocean Ecoregion, Azores Ecoregion, Bay of Biscay and the Iberian Coast Ecoregion, Barents Sea Ecoregion, Baltic Sea Ecoregion, Celtic Seas Ecoregion, Faroes Ecoregion, Greenland Sea Ecoregion, Iceland Sea Ecoregion, Greater North Sea Ecoregion, Norwegian Sea Ecoregion, Oceanic Northeast Atlantic Ecoregion","RED","GREY","GREY","RED","RED"
"39","gag.27.nea","Tope in subareas 1-10, 12 and 14","Galeorhinus galeus","Tope","Elasmobranch","5.2",2019,"PA","Maximum sustainable yield","GREY","Arctic Ocean Ecoregion, Azores Ecoregion, Bay of Biscay and the Iberian Coast Ecoregion, Barents Sea Ecoregion, Celtic Seas Ecoregion, Faroes Ecoregion, Greenland Sea Ecoregion, Iceland Sea Ecoregion, Greater North Sea Ecoregion, Norwegian Sea Ecoregion, Oceanic Northeast Atlantic Ecoregion","GREY","GREY","GREY","GREY","GREY"
"40","gag.27.nea","Tope in subareas 1-10, 12 and 14","Galeorhinus galeus","Tope","Elasmobranch","5.2",2019,"PA","Precautionary approach","GREY","Arctic Ocean Ecoregion, Azores Ecoregion, Bay of Biscay and the Iberian Coast Ecoregion, Barents Sea Ecoregion, Celtic Seas Ecoregion, Faroes Ecoregion, Greenland Sea Ecoregion, Iceland Sea Ecoregion, Greater North Sea Ecoregion, Norwegian Sea Ecoregion, Oceanic Northeast Atlantic Ecoregion","GREY","GREY","GREY","GREY","GREY"
"41","gfb.27.nea","Greater forkbeard in subareas 1-10, 12 and 14","Phycis blennoides","Greater forkbeard","Demersal","3.2",2018,"PA","Maximum sustainable yield","GREY","Arctic Ocean Ecoregion, Azores Ecoregion, Bay of Biscay and the Iberian Coast Ecoregion, Barents Sea Ecoregion, Celtic Seas Ecoregion, Faroes Ecoregion, Greenland Sea Ecoregion, Iceland Sea Ecoregion, Greater North Sea Ecoregion, Norwegian Sea Ecoregion, Oceanic Northeast Atlantic Ecoregion","GREY","GREY","GREY","GREY","GREY"
"42","gfb.27.nea","Greater forkbeard in subareas 1-10, 12 and 14","Phycis blennoides","Greater forkbeard","Demersal","3.2",2018,"PA","Precautionary approach","GREY","Arctic Ocean Ecoregion, Azores Ecoregion, Bay of Biscay and the Iberian Coast Ecoregion, Barents Sea Ecoregion, Celtic Seas Ecoregion, Faroes Ecoregion, Greenland Sea Ecoregion, Iceland Sea Ecoregion, Greater North Sea Ecoregion, Norwegian Sea Ecoregion, Oceanic Northeast Atlantic Ecoregion","GREY","GREY","GREY","GREY","GREY"
"43","ghl.27.561214","Greenland halibut in subareas 5, 6, 12, and 14","Reinhardtius hippoglossoides","Greenland halibut","Demersal","1",2019,"MSY","Maximum sustainable yield","RED","Arctic Ocean Ecoregion, Celtic Seas Ecoregion, Faroes Ecoregion, Greenland Sea Ecoregion, Iceland Sea Ecoregion, Norwegian Sea Ecoregion, Oceanic Northeast Atlantic Ecoregion","GREEN","GREY","RED","GREEN","RED"
"44","ghl.27.561214","Greenland halibut in subareas 5, 6, 12, and 14","Reinhardtius hippoglossoides","Greenland halibut","Demersal","1",2019,"MSY","Precautionary approach","GREY","Arctic Ocean Ecoregion, Celtic Seas Ecoregion, Faroes Ecoregion, Greenland Sea Ecoregion, Iceland Sea Ecoregion, Norwegian Sea Ecoregion, Oceanic Northeast Atlantic Ecoregion","GREEN","GREY","GREY","GREEN","GREY"
"45","guq.27.nea","Leafscale gulper shark in subareas 1-10, 12 and 14","Centrophorus squamosus","Leafscale gulper shark","Elasmobranch","6.3",2019,"PA","Maximum sustainable yield","GREY","Arctic Ocean Ecoregion, Azores Ecoregion, Bay of Biscay and the Iberian Coast Ecoregion, Barents Sea Ecoregion, Celtic Seas Ecoregion, Faroes Ecoregion, Greenland Sea Ecoregion, Iceland Sea Ecoregion, Greater North Sea Ecoregion, Norwegian Sea Ecoregion, Oceanic Northeast Atlantic Ecoregion","GREY","GREY","GREY","GREY","GREY"
"46","guq.27.nea","Leafscale gulper shark in subareas 1-10, 12 and 14","Centrophorus squamosus","Leafscale gulper shark","Elasmobranch","6.3",2019,"PA","Precautionary approach","GREY","Arctic Ocean Ecoregion, Azores Ecoregion, Bay of Biscay and the Iberian Coast Ecoregion, Barents Sea Ecoregion, Celtic Seas Ecoregion, Faroes Ecoregion, Greenland Sea Ecoregion, Iceland Sea Ecoregion, Greater North Sea Ecoregion, Norwegian Sea Ecoregion, Oceanic Northeast Atlantic Ecoregion","GREY","GREY","GREY","GREY","GREY"
"47","gur.27.3-8","Red gurnard in subareas 3-8","Chelidonichthys cuculus","Red gurnard","Demersal","6.2",2019,"PA","Maximum sustainable yield","GREY","Azores Ecoregion, Bay of Biscay and the Iberian Coast Ecoregion, Celtic Seas Ecoregion, Faroes Ecoregion, Greater North Sea Ecoregion, Norwegian Sea Ecoregion, Oceanic Northeast Atlantic Ecoregion","GREY","GREY","GREY","GREY","GREY"
"48","gur.27.3-8","Red gurnard in subareas 3-8","Chelidonichthys cuculus","Red gurnard","Demersal","6.2",2019,"PA","Precautionary approach","GREY","Azores Ecoregion, Bay of Biscay and the Iberian Coast Ecoregion, Celtic Seas Ecoregion, Faroes Ecoregion, Greater North Sea Ecoregion, Norwegian Sea Ecoregion, Oceanic Northeast Atlantic Ecoregion","GREY","GREY","GREY","GREY","GREY"
"49","had.27.46a20","Haddock in Subarea 4, Division 6.a, and Subdivision 20 ","Melanogrammus aeglefinus","Haddock","Demersal","1",2019,"MSY","Maximum sustainable yield","RED","Celtic Seas Ecoregion, Greater North Sea Ecoregion","GREEN","GREEN","RED","GREEN","RED"
"50","had.27.46a20","Haddock in Subarea 4, Division 6.a, and Subdivision 20 ","Melanogrammus aeglefinus","Haddock","Demersal","1",2019,"MSY","Precautionary approach","GREEN","Celtic Seas Ecoregion, Greater North Sea Ecoregion","GREEN","GREEN","GREEN","GREEN","GREEN"
"51","had.27.6b","Haddock in Division 6.b","Melanogrammus aeglefinus","Haddock","Demersal","1",2018,"MSY","Maximum sustainable yield","GREEN","Celtic Seas Ecoregion, Oceanic Northeast Atlantic Ecoregion","GREEN","GREEN","GREEN","GREEN","GREEN"
"52","had.27.6b","Haddock in Division 6.b","Melanogrammus aeglefinus","Haddock","Demersal","1",2018,"MSY","Precautionary approach","GREEN","Celtic Seas Ecoregion, Oceanic Northeast Atlantic Ecoregion","GREEN","GREEN","GREEN","GREEN","GREEN"
"53","had.27.7a","Haddock in Division 7.a","Melanogrammus aeglefinus","Haddock","Demersal","1",2019,"MSY","Maximum sustainable yield","GREEN","Celtic Seas Ecoregion","GREEN","GREEN","GREEN","GREEN","GREEN"
"54","had.27.7a","Haddock in Division 7.a","Melanogrammus aeglefinus","Haddock","Demersal","1",2019,"MSY","Precautionary approach","GREEN","Celtic Seas Ecoregion","GREEN","GREEN","GREEN","GREEN","GREEN"
"55","had.27.7b-k","Haddock in Divisions 7.b-k","Melanogrammus aeglefinus","Haddock","Demersal","1",2019,"MSY","Maximum sustainable yield","RED","Celtic Seas Ecoregion, Greater North Sea Ecoregion, Oceanic Northeast Atlantic Ecoregion","GREEN","GREEN","RED","GREEN","RED"
"56","had.27.7b-k","Haddock in Divisions 7.b-k","Melanogrammus aeglefinus","Haddock","Demersal","1",2019,"MSY","Precautionary approach","GREEN","Celtic Seas Ecoregion, Greater North Sea Ecoregion, Oceanic Northeast Atlantic Ecoregion","GREEN","GREEN","GREEN","GREEN","GREEN"
"57","her.27.6a7bc","Herring in divisions 6.a and 7.b-c","Clupea harengus","Herring","Pelagic","3",2019,"MSY","Maximum sustainable yield","GREY","Celtic Seas Ecoregion, Faroes Ecoregion, Oceanic Northeast Atlantic Ecoregion","GREY","GREY","GREY","GREY","GREY"
"58","her.27.6a7bc","Herring in divisions 6.a and 7.b-c","Clupea harengus","Herring","Pelagic","3",2019,"MSY","Precautionary approach","GREY","Celtic Seas Ecoregion, Faroes Ecoregion, Oceanic Northeast Atlantic Ecoregion","GREY","GREY","GREY","GREY","GREY"
"59","her.27.irls","Herring in divisions 7.a South of 52°30’N, 7.g-h, and 7.j-k","Clupea harengus","Herring","Pelagic","1",2019,"MSY","Maximum sustainable yield","RED","Celtic Seas Ecoregion","RED","RED","RED","RED","RED"
"60","her.27.irls","Herring in divisions 7.a South of 52°30’N, 7.g-h, and 7.j-k","Clupea harengus","Herring","Pelagic","1",2019,"MSY","Precautionary approach","ORANGE","Celtic Seas Ecoregion","RED","RED","ORANGE","RED","RED"
"61","her.27.nirs","Herring in Division 7.a North of 52°30’N","Clupea harengus","Herring","Pelagic","1",2019,"MSY","Maximum sustainable yield","GREEN","Celtic Seas Ecoregion","GREEN","GREEN","GREEN","GREEN","GREEN"
"62","her.27.nirs","Herring in Division 7.a North of 52°30’N","Clupea harengus","Herring","Pelagic","1",2019,"MSY","Precautionary approach","GREEN","Celtic Seas Ecoregion","GREEN","GREEN","GREEN","GREEN","GREEN"
"63","hke.27.3a46-8abd","Hake in subareas 4, 6, and 7, and divisions 3.a, 8.a-b, and 8.d, Northern stock","Merluccius merluccius","Hake","Demersal","1",2019,"MSY","Maximum sustainable yield","GREEN","Bay of Biscay and the Iberian Coast Ecoregion, Celtic Seas Ecoregion, Faroes Ecoregion, Greater North Sea Ecoregion, Oceanic Northeast Atlantic Ecoregion","GREEN","GREEN","GREEN","GREEN","GREEN"
"64","hke.27.3a46-8abd","Hake in subareas 4, 6, and 7, and divisions 3.a, 8.a-b, and 8.d, Northern stock","Merluccius merluccius","Hake","Demersal","1",2019,"MSY","Precautionary approach","GREEN","Bay of Biscay and the Iberian Coast Ecoregion, Celtic Seas Ecoregion, Faroes Ecoregion, Greater North Sea Ecoregion, Oceanic Northeast Atlantic Ecoregion","GREEN","GREEN","GREEN","GREEN","GREEN"
"65","hom.27.2a4a5b6a7a-ce-k8","Horse mackerel in Subarea 8 and divisions 2.a, 4.a, 5.b, 6.a, 7.a-c,e-k","Trachurus trachurus","Horse mackerel","Pelagic","1",2019,"MSY","Maximum sustainable yield","RED","Bay of Biscay and the Iberian Coast Ecoregion, Barents Sea Ecoregion, Celtic Seas Ecoregion, Faroes Ecoregion, Greenland Sea Ecoregion, Iceland Sea Ecoregion, Greater North Sea Ecoregion, Norwegian Sea Ecoregion, Oceanic Northeast Atlantic Ecoregion","RED","RED","RED","RED","RED"
"66","hom.27.2a4a5b6a7a-ce-k8","Horse mackerel in Subarea 8 and divisions 2.a, 4.a, 5.b, 6.a, 7.a-c,e-k","Trachurus trachurus","Horse mackerel","Pelagic","1",2019,"MSY","Precautionary approach","ORANGE","Bay of Biscay and the Iberian Coast Ecoregion, Barents Sea Ecoregion, Celtic Seas Ecoregion, Faroes Ecoregion, Greenland Sea Ecoregion, Iceland Sea Ecoregion, Greater North Sea Ecoregion, Norwegian Sea Ecoregion, Oceanic Northeast Atlantic Ecoregion","ORANGE","RED","ORANGE","ORANGE","GREY"
"67","ldb.27.7b-k8abd","Four-spot megrim in divisions 7.b-k, 8.a-b, and 8.d","Lepidorhombus boscii","Four-spot megrim","Benthic","5.9",2019,"PA/Stock status only","Maximum sustainable yield","GREY","Bay of Biscay and the Iberian Coast Ecoregion, Celtic Seas Ecoregion, Greater North Sea Ecoregion, Oceanic Northeast Atlantic Ecoregion","GREY","GREY","GREY","GREY","GREY"
"68","ldb.27.7b-k8abd","Four-spot megrim in divisions 7.b-k, 8.a-b, and 8.d","Lepidorhombus boscii","Four-spot megrim","Benthic","5.9",2019,"PA/Stock status only","Precautionary approach","GREY","Bay of Biscay and the Iberian Coast Ecoregion, Celtic Seas Ecoregion, Greater North Sea Ecoregion, Oceanic Northeast Atlantic Ecoregion","GREY","GREY","GREY","GREY","GREY"
"69","lez.27.4a6a","Megrim in divisions 4.a and 6.a","Lepidorhombus","Megrim","Benthic","1",2019,"MSY","Maximum sustainable yield","GREEN","Celtic Seas Ecoregion, Greater North Sea Ecoregion","GREEN","GREEN","GREEN","GREEN","GREEN"
"70","lez.27.4a6a","Megrim in divisions 4.a and 6.a","Lepidorhombus","Megrim","Benthic","1",2019,"MSY","Precautionary approach","GREEN","Celtic Seas Ecoregion, Greater North Sea Ecoregion","GREEN","GREEN","GREEN","GREEN","GREEN"
"71","lez.27.6b","Megrim in Division 6.b","Lepidorhombus","Megrim","Benthic","3.2",2019,"PA","Maximum sustainable yield","GREEN","Celtic Seas Ecoregion, Oceanic Northeast Atlantic Ecoregion","GREEN","GREEN","GREEN","GREEN","GREEN"
"72","lez.27.6b","Megrim in Division 6.b","Lepidorhombus","Megrim","Benthic","3.2",2019,"PA","Precautionary approach","GREEN","Celtic Seas Ecoregion, Oceanic Northeast Atlantic Ecoregion","GREEN","GREEN","GREEN","GREEN","GREEN"
"73","lin.27.3a4a6-91214","Ling in Subareas 6-9, 12, and 14, and Divisions 3.a and 4.a","Molva molva","Ling","Demersal","3.2",2019,"PA","Maximum sustainable yield","GREEN","Arctic Ocean Ecoregion, Bay of Biscay and the Iberian Coast Ecoregion, Celtic Seas Ecoregion, Faroes Ecoregion, Greenland Sea Ecoregion, Iceland Sea Ecoregion, Greater North Sea Ecoregion, Norwegian Sea Ecoregion, Oceanic Northeast Atlantic Ecoregion","GREY","GREY","GREEN","GREY","GREY"
"74","lin.27.3a4a6-91214","Ling in Subareas 6-9, 12, and 14, and Divisions 3.a and 4.a","Molva molva","Ling","Demersal","3.2",2019,"PA","Precautionary approach","GREEN","Arctic Ocean Ecoregion, Bay of Biscay and the Iberian Coast Ecoregion, Celtic Seas Ecoregion, Faroes Ecoregion, Greenland Sea Ecoregion, Iceland Sea Ecoregion, Greater North Sea Ecoregion, Norwegian Sea Ecoregion, Oceanic Northeast Atlantic Ecoregion","GREY","GREY","GREEN","GREY","GREY"
"75","mac.27.nea","Mackerel in subareas 1-8 and 14 and division 9.a","Scomber scombrus","Mackerel","Pelagic","1",2019,"MSY","Maximum sustainable yield","RED","Arctic Ocean Ecoregion, Azores Ecoregion, Bay of Biscay and the Iberian Coast Ecoregion, Barents Sea Ecoregion, Celtic Seas Ecoregion, Faroes Ecoregion, Greenland Sea Ecoregion, Iceland Sea Ecoregion, Greater North Sea Ecoregion, Norwegian Sea Ecoregion, Oceanic Northeast Atlantic Ecoregion","GREEN","GREEN","RED","GREEN","RED"
"76","mac.27.nea","Mackerel in subareas 1-8 and 14 and division 9.a","Scomber scombrus","Mackerel","Pelagic","1",2019,"MSY","Precautionary approach","GREEN","Arctic Ocean Ecoregion, Azores Ecoregion, Bay of Biscay and the Iberian Coast Ecoregion, Barents Sea Ecoregion, Celtic Seas Ecoregion, Faroes Ecoregion, Greenland Sea Ecoregion, Iceland Sea Ecoregion, Greater North Sea Ecoregion, Norwegian Sea Ecoregion, Oceanic Northeast Atlantic Ecoregion","GREEN","GREEN","GREEN","GREEN","GREEN"
"77","meg.27.7b-k8abd","Megrim in divisions 7.b-k, 8.a-b, and 8.d","Lepidorhombus whiffiagonis","Megrim","Benthic","1",2019,"MP","Maximum sustainable yield","GREEN","Bay of Biscay and the Iberian Coast Ecoregion, Celtic Seas Ecoregion, Greater North Sea Ecoregion, Oceanic Northeast Atlantic Ecoregion","GREEN","GREEN","GREEN","GREEN","GREEN"
"78","meg.27.7b-k8abd","Megrim in divisions 7.b-k, 8.a-b, and 8.d","Lepidorhombus whiffiagonis","Megrim","Benthic","1",2019,"MP","Precautionary approach","GREEN","Bay of Biscay and the Iberian Coast Ecoregion, Celtic Seas Ecoregion, Greater North Sea Ecoregion, Oceanic Northeast Atlantic Ecoregion","GREEN","GREEN","GREEN","GREEN","GREEN"
"79","mon.27.78abd","White anglerfish in Subarea 7 and divisions 8.a-b and 8.d","Lophius piscatorius","White anglerfish","Benthic","1",2019,"MP","Maximum sustainable yield","GREEN","Bay of Biscay and the Iberian Coast Ecoregion, Celtic Seas Ecoregion, Greater North Sea Ecoregion, Oceanic Northeast Atlantic Ecoregion","GREEN","GREEN","GREEN","GREEN","GREEN"
"80","mon.27.78abd","White anglerfish in Subarea 7 and divisions 8.a-b and 8.d","Lophius piscatorius","White anglerfish","Benthic","1",2019,"MP","Precautionary approach","GREEN","Bay of Biscay and the Iberian Coast Ecoregion, Celtic Seas Ecoregion, Greater North Sea Ecoregion, Oceanic Northeast Atlantic Ecoregion","GREEN","GREEN","GREEN","GREEN","GREEN"
"81","mur.27.67a-ce-k89a","Striped red mullet in subareas 6 and 8, and divisions 7.a-c, 7.e-k, and 9.a","Mullus surmuletus","Striped red mullet","Demersal","5.2",2017,"PA","Maximum sustainable yield","GREY","Bay of Biscay and the Iberian Coast Ecoregion, Celtic Seas Ecoregion, Greater North Sea Ecoregion, Oceanic Northeast Atlantic Ecoregion","GREY","GREY","GREY","GREY","GREY"
"82","mur.27.67a-ce-k89a","Striped red mullet in subareas 6 and 8, and divisions 7.a-c, 7.e-k, and 9.a","Mullus surmuletus","Striped red mullet","Demersal","5.2",2017,"PA","Precautionary approach","GREY","Bay of Biscay and the Iberian Coast Ecoregion, Celtic Seas Ecoregion, Greater North Sea Ecoregion, Oceanic Northeast Atlantic Ecoregion","GREY","GREY","GREY","GREY","GREY"
"83","nep.fu.11","Norway lobster in Division 6.a, Functional Unit 11","Nephrops norvegicus","Norway lobster","Crustacean","1",2019,"FMSY Ranges","Maximum sustainable yield","GREEN","Celtic Seas Ecoregion","GREEN","GREEN","GREEN","GREEN","GREEN"
"84","nep.fu.11","Norway lobster in Division 6.a, Functional Unit 11","Nephrops norvegicus","Norway lobster","Crustacean","1",2019,"FMSY Ranges","Precautionary approach","GREEN","Celtic Seas Ecoregion","GREEN","GREEN","GREEN","GREEN","GREEN"
"85","nep.fu.12","Norway lobster in Division 6.a, Functional Unit 12","Nephrops norvegicus","Norway lobster","Crustacean","1",2019,"FMSY Ranges","Maximum sustainable yield","GREEN","Celtic Seas Ecoregion","GREEN","GREEN","GREEN","GREEN","GREEN"
"86","nep.fu.12","Norway lobster in Division 6.a, Functional Unit 12","Nephrops norvegicus","Norway lobster","Crustacean","1",2019,"FMSY Ranges","Precautionary approach","GREEN","Celtic Seas Ecoregion","GREEN","GREEN","GREEN","GREEN","GREEN"
"87","nep.fu.13","Norway lobster in Division 6.a, Functional Unit 13","Nephrops norvegicus","Norway lobster","Crustacean","1",2019,"FMSY Ranges","Maximum sustainable yield","GREY","Celtic Seas Ecoregion","GREEN","GREY","GREY","GREEN","GREY"
"88","nep.fu.13","Norway lobster in Division 6.a, Functional Unit 13","Nephrops norvegicus","Norway lobster","Crustacean","1",2019,"FMSY Ranges","Precautionary approach","GREY","Celtic Seas Ecoregion","GREEN","GREY","GREY","GREEN","GREY"
"89","nep.fu.14","Norway lobster in Division 7.a, Functional Unit 14","Nephrops norvegicus","Norway lobster","Crustacean","1",2019,"FMSY Ranges","Maximum sustainable yield","GREEN","Celtic Seas Ecoregion","GREEN","GREEN","GREEN","GREEN","GREEN"
"90","nep.fu.14","Norway lobster in Division 7.a, Functional Unit 14","Nephrops norvegicus","Norway lobster","Crustacean","1",2019,"FMSY Ranges","Precautionary approach","GREEN","Celtic Seas Ecoregion","GREEN","GREEN","GREEN","GREEN","GREEN"
"91","nep.fu.15","Norway lobster in Division 7.a, Functional Unit 15","Nephrops norvegicus","Norway lobster","Crustacean","1",2019,"FMSY Ranges","Maximum sustainable yield","GREEN","Celtic Seas Ecoregion","GREEN","GREY","GREEN","GREEN","GREEN"
"92","nep.fu.15","Norway lobster in Division 7.a, Functional Unit 15","Nephrops norvegicus","Norway lobster","Crustacean","1",2019,"FMSY Ranges","Precautionary approach","GREY","Celtic Seas Ecoregion","GREY","GREY","GREY","GREY","GREY"
"93","nep.fu.16","Norway lobster in divisions 7.b-c and 7.j-k, Functional Unit 16","Nephrops norvegicus","Norway lobster","Crustacean","1",2019,"FMSY Ranges","Maximum sustainable yield","GREEN","Celtic Seas Ecoregion, Oceanic Northeast Atlantic Ecoregion","GREY","GREY","GREEN","GREY","GREY"
"94","nep.fu.16","Norway lobster in divisions 7.b-c and 7.j-k, Functional Unit 16","Nephrops norvegicus","Norway lobster","Crustacean","1",2019,"FMSY Ranges","Precautionary approach","GREY","Celtic Seas Ecoregion, Oceanic Northeast Atlantic Ecoregion","GREY","GREY","GREY","GREY","GREY"
"95","nep.fu.17","Norway lobster in Division 7.b, Functional Unit 17","Nephrops norvegicus","Norway lobster","Crustacean","1",2019,"FMSY Ranges","Maximum sustainable yield","GREEN","Celtic Seas Ecoregion","RED","GREY","GREEN","RED","RED"
"96","nep.fu.17","Norway lobster in Division 7.b, Functional Unit 17","Nephrops norvegicus","Norway lobster","Crustacean","1",2019,"FMSY Ranges","Precautionary approach","GREEN","Celtic Seas Ecoregion","GREY","GREY","GREEN","GREY","GREY"
"97","nep.fu.19","Norway lobster in divisions 7.a, 7.g, and 7.j, Functional Unit 19","Nephrops norvegicus","Norway lobster","Crustacean","1",2019,"FMSY Ranges","Maximum sustainable yield","GREEN","Celtic Seas Ecoregion","RED","GREY","GREEN","RED","RED"
"98","nep.fu.19","Norway lobster in divisions 7.a, 7.g, and 7.j, Functional Unit 19","Nephrops norvegicus","Norway lobster","Crustacean","1",2019,"FMSY Ranges","Precautionary approach","GREY","Celtic Seas Ecoregion","GREY","GREY","GREY","GREY","GREY"
"99","nep.fu.2021","Norway lobster in divisions 7.g and 7.h, functional units 20 and 21","Nephrops norvegicus","Norway lobster","Crustacean","1",2019,"FMSY Ranges","Maximum sustainable yield","GREEN","Celtic Seas Ecoregion","GREY","GREY","GREEN","GREY","GREY"
"100","nep.fu.2021","Norway lobster in divisions 7.g and 7.h, functional units 20 and 21","Nephrops norvegicus","Norway lobster","Crustacean","1",2019,"FMSY Ranges","Precautionary approach","GREEN","Celtic Seas Ecoregion","GREY","GREY","GREEN","GREY","GREY"
"101","nep.fu.22","Norway lobster in divisions 7.f and 7.g, Functional Unit 22","Nephrops norvegicus","Norway lobster","Crustacean","1",2019,"FMSY Ranges","Maximum sustainable yield","RED","Celtic Seas Ecoregion","GREEN","GREY","RED","GREEN","RED"
"102","nep.fu.22","Norway lobster in divisions 7.f and 7.g, Functional Unit 22","Nephrops norvegicus","Norway lobster","Crustacean","1",2019,"FMSY Ranges","Precautionary approach","GREY","Celtic Seas Ecoregion","GREEN","GREY","GREY","GREEN","GREY"
"103","nop.27.6a","Norway pout in Division 6.a","Trisopterus esmarkii","Norway pout","Pelagic","6.3",2018,"No advice","Maximum sustainable yield","GREY","Celtic Seas Ecoregion","GREY","GREY","GREY","GREY","GREY"
"104","nop.27.6a","Norway pout in Division 6.a","Trisopterus esmarkii","Norway pout","Pelagic","6.3",2018,"No advice","Precautionary approach","GREY","Celtic Seas Ecoregion","GREY","GREY","GREY","GREY","GREY"
"105","ory.27.nea","Orange roughy in subareas 1-10, 12 and 14","Hoplostethus atlanticus","Orange roughy","Demersal","6.3",2016,"PA","Maximum sustainable yield","GREY","Arctic Ocean Ecoregion, Azores Ecoregion, Bay of Biscay and the Iberian Coast Ecoregion, Barents Sea Ecoregion, Celtic Seas Ecoregion, Faroes Ecoregion, Greenland Sea Ecoregion, Iceland Sea Ecoregion, Greater North Sea Ecoregion, Norwegian Sea Ecoregion, Oceanic Northeast Atlantic Ecoregion","GREY","GREY","GREY","GREY","GREY"
"106","ory.27.nea","Orange roughy in subareas 1-10, 12 and 14","Hoplostethus atlanticus","Orange roughy","Demersal","6.3",2016,"PA","Precautionary approach","GREY","Arctic Ocean Ecoregion, Azores Ecoregion, Bay of Biscay and the Iberian Coast Ecoregion, Barents Sea Ecoregion, Celtic Seas Ecoregion, Faroes Ecoregion, Greenland Sea Ecoregion, Iceland Sea Ecoregion, Greater North Sea Ecoregion, Norwegian Sea Ecoregion, Oceanic Northeast Atlantic Ecoregion","GREY","GREY","GREY","GREY","GREY"
"107","ple.27.7a","Plaice in Division 7.a","Pleuronectes platessa","Plaice","Benthic","1",2019,"MSY","Maximum sustainable yield","GREEN","Celtic Seas Ecoregion","GREEN","GREEN","GREEN","GREEN","GREEN"
"108","ple.27.7a","Plaice in Division 7.a","Pleuronectes platessa","Plaice","Benthic","1",2019,"MSY","Precautionary approach","GREEN","Celtic Seas Ecoregion","GREEN","GREEN","GREEN","GREEN","GREEN"
"109","ple.27.7bc","Plaice in divisions 7.b-c","Pleuronectes platessa","Plaice","Benthic","6.2",2017,"PA","Maximum sustainable yield","GREY","Celtic Seas Ecoregion, Oceanic Northeast Atlantic Ecoregion","GREY","GREY","GREY","GREY","GREY"
"110","ple.27.7bc","Plaice in divisions 7.b-c","Pleuronectes platessa","Plaice","Benthic","6.2",2017,"PA","Precautionary approach","GREY","Celtic Seas Ecoregion, Oceanic Northeast Atlantic Ecoregion","GREY","GREY","GREY","GREY","GREY"
"111","ple.27.7e","Plaice in Division 7.e","Pleuronectes platessa","Plaice","Benthic","3.2",2019,"PA","Maximum sustainable yield","RED","Celtic Seas Ecoregion, Greater North Sea Ecoregion","GREEN","GREEN","RED","GREEN","RED"
"112","ple.27.7e","Plaice in Division 7.e","Pleuronectes platessa","Plaice","Benthic","3.2",2019,"PA","Precautionary approach","GREEN","Celtic Seas Ecoregion, Greater North Sea Ecoregion","GREEN","GREEN","GREEN","GREEN","GREEN"
"113","ple.27.7fg","Plaice in divisions 7.f and 7.g","Pleuronectes platessa","Plaice","Benthic","3.2",2019,"PA","Maximum sustainable yield","GREEN","Celtic Seas Ecoregion","GREEN","GREEN","GREEN","GREEN","GREEN"
"114","ple.27.7fg","Plaice in divisions 7.f and 7.g","Pleuronectes platessa","Plaice","Benthic","3.2",2019,"PA","Precautionary approach","GREEN","Celtic Seas Ecoregion","GREEN","GREEN","GREEN","GREEN","GREEN"
"115","ple.27.7h-k","Plaice in divisions 7.h-k","Pleuronectes platessa","Plaice","Benthic","3.2",2019,"PA","Maximum sustainable yield","RED","Celtic Seas Ecoregion, Oceanic Northeast Atlantic Ecoregion","RED","RED","RED","RED","RED"
"116","ple.27.7h-k","Plaice in divisions 7.h-k","Pleuronectes platessa","Plaice","Benthic","3.2",2019,"PA","Precautionary approach","RED","Celtic Seas Ecoregion, Oceanic Northeast Atlantic Ecoregion","RED","RED","RED","RED","RED"
"117","pok.27.3a46","Saithe in Subareas 4, 6 and Division 3.a","Pollachius virens","Saithe","Demersal","1",2019,"MSY","Maximum sustainable yield","GREEN","Celtic Seas Ecoregion, Faroes Ecoregion, Greater North Sea Ecoregion","GREEN","GREEN","GREEN","GREEN","GREEN"
"118","pok.27.3a46","Saithe in Subareas 4, 6 and Division 3.a","Pollachius virens","Saithe","Demersal","1",2019,"MSY","Precautionary approach","GREEN","Celtic Seas Ecoregion, Faroes Ecoregion, Greater North Sea Ecoregion","GREEN","GREEN","GREEN","GREEN","GREEN"
"119","pol.27.67","Pollack in subareas 6-7 ","Pollachius pollachius","Pollack","Demersal","4.12",2018,"PA","Maximum sustainable yield","GREY","Celtic Seas Ecoregion, Greater North Sea Ecoregion, Oceanic Northeast Atlantic Ecoregion","GREY","GREY","GREY","GREY","GREY"
"120","pol.27.67","Pollack in subareas 6-7 ","Pollachius pollachius","Pollack","Demersal","4.12",2018,"PA","Precautionary approach","GREY","Celtic Seas Ecoregion, Greater North Sea Ecoregion, Oceanic Northeast Atlantic Ecoregion","GREY","GREY","GREY","GREY","GREY"
"121","por.27.nea","Porbeagle in subareas 1-10, 12 and 14","Lamna nasus","Porbeagle","Elasmobranch","6.3",2019,"PA","Maximum sustainable yield","GREY","Arctic Ocean Ecoregion, Azores Ecoregion, Bay of Biscay and the Iberian Coast Ecoregion, Barents Sea Ecoregion, Celtic Seas Ecoregion, Faroes Ecoregion, Greenland Sea Ecoregion, Iceland Sea Ecoregion, Greater North Sea Ecoregion, Norwegian Sea Ecoregion, Oceanic Northeast Atlantic Ecoregion","GREY","GREY","GREY","GREY","GREY"
"122","por.27.nea","Porbeagle in subareas 1-10, 12 and 14","Lamna nasus","Porbeagle","Elasmobranch","6.3",2019,"PA","Precautionary approach","GREY","Arctic Ocean Ecoregion, Azores Ecoregion, Bay of Biscay and the Iberian Coast Ecoregion, Barents Sea Ecoregion, Celtic Seas Ecoregion, Faroes Ecoregion, Greenland Sea Ecoregion, Iceland Sea Ecoregion, Greater North Sea Ecoregion, Norwegian Sea Ecoregion, Oceanic Northeast Atlantic Ecoregion","GREY","GREY","GREY","GREY","GREY"
"123","raj.27.67a-ce-h","Rays and skates in Subarea 6 and divisions 7.a-c and 7.e-h","Rajidae","Rays and skates","Elasmobranch","6.9",2018,"No advice","Maximum sustainable yield","GREY","Celtic Seas Ecoregion, Greater North Sea Ecoregion, Oceanic Northeast Atlantic Ecoregion","GREY","GREY","GREY","GREY","GREY"
"124","raj.27.67a-ce-h","Rays and skates in Subarea 6 and divisions 7.a-c and 7.e-h","Rajidae","Rays and skates","Elasmobranch","6.9",2018,"No advice","Precautionary approach","GREY","Celtic Seas Ecoregion, Greater North Sea Ecoregion, Oceanic Northeast Atlantic Ecoregion","GREY","GREY","GREY","GREY","GREY"
"125","reb.2127.sp","Beaked redfish in ICES subareas 5, 12, and 14 and NAFO subareas 1 and 2","Sebastes mentella","Beaked redfish","Pelagic","3",2019,"PA","Maximum sustainable yield","GREY","Arctic Ocean Ecoregion, Celtic Seas Ecoregion, Faroes Ecoregion, Greenland Sea Ecoregion, Iceland Sea Ecoregion, Norwegian Sea Ecoregion, Oceanic Northeast Atlantic Ecoregion","GREY","GREY","GREY","GREY","GREY"
"126","reb.2127.sp","Beaked redfish in ICES subareas 5, 12, and 14 and NAFO subareas 1 and 2","Sebastes mentella","Beaked redfish","Pelagic","3",2019,"PA","Precautionary approach","GREY","Arctic Ocean Ecoregion, Celtic Seas Ecoregion, Faroes Ecoregion, Greenland Sea Ecoregion, Iceland Sea Ecoregion, Norwegian Sea Ecoregion, Oceanic Northeast Atlantic Ecoregion","GREY","GREY","GREY","GREY","GREY"
"127","rja.27.nea","White skate in subareas 1-10, 12 and 14","Rostroraja alba","White skate","Elasmobranch","6.3",2019,"PA","Maximum sustainable yield","GREY","Arctic Ocean Ecoregion, Azores Ecoregion, Bay of Biscay and the Iberian Coast Ecoregion, Barents Sea Ecoregion, Celtic Seas Ecoregion, Faroes Ecoregion, Greenland Sea Ecoregion, Iceland Sea Ecoregion, Greater North Sea Ecoregion, Norwegian Sea Ecoregion, Oceanic Northeast Atlantic Ecoregion","GREY","GREY","GREY","GREY","GREY"
"128","rja.27.nea","White skate in subareas 1-10, 12 and 14","Rostroraja alba","White skate","Elasmobranch","6.3",2019,"PA","Precautionary approach","GREY","Arctic Ocean Ecoregion, Azores Ecoregion, Bay of Biscay and the Iberian Coast Ecoregion, Barents Sea Ecoregion, Celtic Seas Ecoregion, Faroes Ecoregion, Greenland Sea Ecoregion, Iceland Sea Ecoregion, Greater North Sea Ecoregion, Norwegian Sea Ecoregion, Oceanic Northeast Atlantic Ecoregion","GREY","GREY","GREY","GREY","GREY"
"129","rjb.27.67a-ce-k","Common skate complex and flapper skate in Subarea 6 and divisions 7.a–c and 7.e–k","Dipturus batis","Common skate","Elasmobranch","6.3",2018,"PA/Stock status only","Maximum sustainable yield","GREY","Celtic Seas Ecoregion, Greater North Sea Ecoregion, Oceanic Northeast Atlantic Ecoregion","GREY","GREY","GREY","GREY","GREY"
"130","rjb.27.67a-ce-k","Common skate complex and flapper skate in Subarea 6 and divisions 7.a–c and 7.e–k","Dipturus batis","Common skate","Elasmobranch","6.3",2018,"PA/Stock status only","Precautionary approach","GREY","Celtic Seas Ecoregion, Greater North Sea Ecoregion, Oceanic Northeast Atlantic Ecoregion","GREY","GREY","GREY","GREY","GREY"
"131","rjc.27.6","Thornback ray in Subarea 6","Raja clavata","Thornback ray","Elasmobranch","3.2",2018,"PA","Maximum sustainable yield","GREY","Celtic Seas Ecoregion, Oceanic Northeast Atlantic Ecoregion","GREY","GREY","GREY","GREY","GREY"
"132","rjc.27.6","Thornback ray in Subarea 6","Raja clavata","Thornback ray","Elasmobranch","3.2",2018,"PA","Precautionary approach","GREY","Celtic Seas Ecoregion, Oceanic Northeast Atlantic Ecoregion","GREY","GREY","GREY","GREY","GREY"
"133","rjc.27.7afg","Thornback ray in divisions 7.a and 7.f-g","Raja clavata","Thornback ray","Elasmobranch","3.2",2018,"PA","Maximum sustainable yield","GREY","Celtic Seas Ecoregion","GREY","GREY","GREY","GREY","GREY"
"134","rjc.27.7afg","Thornback ray in divisions 7.a and 7.f-g","Raja clavata","Thornback ray","Elasmobranch","3.2",2018,"PA","Precautionary approach","GREY","Celtic Seas Ecoregion","GREY","GREY","GREY","GREY","GREY"
"135","rjc.27.7e","Thornback ray in Division 7.e","Raja clavata","Thornback ray","Elasmobranch","5.2",2018,"PA","Maximum sustainable yield","GREY","Celtic Seas Ecoregion, Greater North Sea Ecoregion","GREY","GREY","GREY","GREY","GREY"
"136","rjc.27.7e","Thornback ray in Division 7.e","Raja clavata","Thornback ray","Elasmobranch","5.2",2018,"PA","Precautionary approach","GREY","Celtic Seas Ecoregion, Greater North Sea Ecoregion","GREY","GREY","GREY","GREY","GREY"
"137","rje.27.7de","Small-eyed ray in divisions 7.d and 7.e","Raja microocellata","Small-eyed ray","Elasmobranch","5.2",2018,"PA","Maximum sustainable yield","GREY","Celtic Seas Ecoregion, Greater North Sea Ecoregion","GREY","GREY","GREY","GREY","GREY"
"138","rje.27.7de","Small-eyed ray in divisions 7.d and 7.e","Raja microocellata","Small-eyed ray","Elasmobranch","5.2",2018,"PA","Precautionary approach","GREY","Celtic Seas Ecoregion, Greater North Sea Ecoregion","GREY","GREY","GREY","GREY","GREY"
"139","rje.27.7fg","Small-eyed ray in divisions 7.f and 7.g","Raja microocellata","Small-eyed ray","Elasmobranch","3.2",2018,"PA","Maximum sustainable yield","GREY","Celtic Seas Ecoregion","GREY","GREY","GREY","GREY","GREY"
"140","rje.27.7fg","Small-eyed ray in divisions 7.f and 7.g","Raja microocellata","Small-eyed ray","Elasmobranch","3.2",2018,"PA","Precautionary approach","GREY","Celtic Seas Ecoregion","GREY","GREY","GREY","GREY","GREY"
"141","rjf.27.67","Shagreen ray in subareas 6-7","Leucoraja fullonica","Shagreen ray","Elasmobranch","5.2",2018,"PA","Maximum sustainable yield","GREY","Celtic Seas Ecoregion, Greater North Sea Ecoregion, Oceanic Northeast Atlantic Ecoregion","GREY","GREY","GREY","GREY","GREY"
"142","rjf.27.67","Shagreen ray in subareas 6-7","Leucoraja fullonica","Shagreen ray","Elasmobranch","5.2",2018,"PA","Precautionary approach","GREY","Celtic Seas Ecoregion, Greater North Sea Ecoregion, Oceanic Northeast Atlantic Ecoregion","GREY","GREY","GREY","GREY","GREY"
"143","rjh.27.4a6","Blonde ray in Subarea 6 and Division 4.a","Raja brachyura","Blonde ray","Elasmobranch","5.2",2019,"PA","Maximum sustainable yield","GREY","Celtic Seas Ecoregion, Greater North Sea Ecoregion, Oceanic Northeast Atlantic Ecoregion","GREY","GREY","GREY","GREY","GREY"
"144","rjh.27.4a6","Blonde ray in Subarea 6 and Division 4.a","Raja brachyura","Blonde ray","Elasmobranch","5.2",2019,"PA","Precautionary approach","GREY","Celtic Seas Ecoregion, Greater North Sea Ecoregion, Oceanic Northeast Atlantic Ecoregion","GREY","GREY","GREY","GREY","GREY"
"145","rjh.27.7afg","Blonde ray in divisions 7.a and 7.f-g","Raja brachyura","Blonde ray","Elasmobranch","5.2",2018,"PA","Maximum sustainable yield","GREY","Celtic Seas Ecoregion","GREY","GREY","GREY","GREY","GREY"
"146","rjh.27.7afg","Blonde ray in divisions 7.a and 7.f-g","Raja brachyura","Blonde ray","Elasmobranch","5.2",2018,"PA","Precautionary approach","GREY","Celtic Seas Ecoregion","GREY","GREY","GREY","GREY","GREY"
"147","rjh.27.7e","Blonde ray in Division 7.e","Raja brachyura","Blonde ray","Elasmobranch","5.2",2018,"PA","Maximum sustainable yield","GREY","Celtic Seas Ecoregion, Greater North Sea Ecoregion","GREY","GREY","GREY","GREY","GREY"
"148","rjh.27.7e","Blonde ray in Division 7.e","Raja brachyura","Blonde ray","Elasmobranch","5.2",2018,"PA","Precautionary approach","GREY","Celtic Seas Ecoregion, Greater North Sea Ecoregion","GREY","GREY","GREY","GREY","GREY"
"149","rji.27.67","Sandy ray in subareas 6-7","Leucoraja circularis","Sandy ray","Elasmobranch","5.2",2018,"PA","Maximum sustainable yield","GREY","Celtic Seas Ecoregion, Greater North Sea Ecoregion, Oceanic Northeast Atlantic Ecoregion","GREY","GREY","GREY","GREY","GREY"
"150","rji.27.67","Sandy ray in subareas 6-7","Leucoraja circularis","Sandy ray","Elasmobranch","5.2",2018,"PA","Precautionary approach","GREY","Celtic Seas Ecoregion, Greater North Sea Ecoregion, Oceanic Northeast Atlantic Ecoregion","GREY","GREY","GREY","GREY","GREY"
"151","rjm.27.67bj","Spotted ray in Subarea 6 and divisions 7.b and 7.j","Raja montagui","Spotted ray","Elasmobranch","3.2",2018,"PA","Maximum sustainable yield","GREY","Celtic Seas Ecoregion, Oceanic Northeast Atlantic Ecoregion","GREY","GREY","GREY","GREY","GREY"
"152","rjm.27.67bj","Spotted ray in Subarea 6 and divisions 7.b and 7.j","Raja montagui","Spotted ray","Elasmobranch","3.2",2018,"PA","Precautionary approach","GREY","Celtic Seas Ecoregion, Oceanic Northeast Atlantic Ecoregion","GREY","GREY","GREY","GREY","GREY"
"153","rjm.27.7ae-h","Spotted ray in divisions 7.a and 7.e-h","Raja montagui","Spotted ray","Elasmobranch","3.2",2018,"PA","Maximum sustainable yield","GREY","Celtic Seas Ecoregion, Greater North Sea Ecoregion","GREY","GREY","GREY","GREY","GREY"
"154","rjm.27.7ae-h","Spotted ray in divisions 7.a and 7.e-h","Raja montagui","Spotted ray","Elasmobranch","3.2",2018,"PA","Precautionary approach","GREY","Celtic Seas Ecoregion, Greater North Sea Ecoregion","GREY","GREY","GREY","GREY","GREY"
"155","rjn.27.678abd","Cuckoo ray in subareas 6-7 and divisions 8.a-b and 8.d","Leucoraja naevus","Cuckoo ray","Elasmobranch","3.2",2018,"PA","Maximum sustainable yield","GREY","Bay of Biscay and the Iberian Coast Ecoregion, Celtic Seas Ecoregion, Greater North Sea Ecoregion, Oceanic Northeast Atlantic Ecoregion","GREY","GREY","GREY","GREY","GREY"
"156","rjn.27.678abd","Cuckoo ray in subareas 6-7 and divisions 8.a-b and 8.d","Leucoraja naevus","Cuckoo ray","Elasmobranch","3.2",2018,"PA","Precautionary approach","GREY","Bay of Biscay and the Iberian Coast Ecoregion, Celtic Seas Ecoregion, Greater North Sea Ecoregion, Oceanic Northeast Atlantic Ecoregion","GREY","GREY","GREY","GREY","GREY"
"157","rjr.27.23a4","Starry ray in Subareas 2 and 4, and Division 3.a","Amblyraja radiata","Starry ray","Elasmobranch","3.14",2019,"PA","Maximum sustainable yield","GREY","Arctic Ocean Ecoregion, Barents Sea Ecoregion, Celtic Seas Ecoregion, Faroes Ecoregion, Greenland Sea Ecoregion, Iceland Sea Ecoregion, Greater North Sea Ecoregion, Norwegian Sea Ecoregion","GREY","GREY","GREY","GREY","GREY"
"158","rjr.27.23a4","Starry ray in Subareas 2 and 4, and Division 3.a","Amblyraja radiata","Starry ray","Elasmobranch","3.14",2019,"PA","Precautionary approach","GREY","Arctic Ocean Ecoregion, Barents Sea Ecoregion, Celtic Seas Ecoregion, Faroes Ecoregion, Greenland Sea Ecoregion, Iceland Sea Ecoregion, Greater North Sea Ecoregion, Norwegian Sea Ecoregion","GREY","GREY","GREY","GREY","GREY"
"159","rju.27.7bj","Undulate ray in divisions 7.b and 7.j","Raja undulata","Undulate ray","Elasmobranch","6.3",2018,"PA","Maximum sustainable yield","GREY","Celtic Seas Ecoregion, Oceanic Northeast Atlantic Ecoregion","GREY","GREY","GREY","GREY","GREY"
"160","rju.27.7bj","Undulate ray in divisions 7.b and 7.j","Raja undulata","Undulate ray","Elasmobranch","6.3",2018,"PA","Precautionary approach","GREY","Celtic Seas Ecoregion, Oceanic Northeast Atlantic Ecoregion","GREY","GREY","GREY","GREY","GREY"
"161","rju.27.7de","Undulate ray in divisions 7.d and 7.e","Raja undulata","Undulate ray","Elasmobranch","3.2",2018,"PA","Maximum sustainable yield","GREY","Celtic Seas Ecoregion, Greater North Sea Ecoregion","GREY","GREY","GREY","GREY","GREY"
"162","rju.27.7de","Undulate ray in divisions 7.d and 7.e","Raja undulata","Undulate ray","Elasmobranch","3.2",2018,"PA","Precautionary approach","GREY","Celtic Seas Ecoregion, Greater North Sea Ecoregion","GREY","GREY","GREY","GREY","GREY"
"163","rng.27.5b6712b","Roundnose grenadier in subareas 6-7 and divisions 5.b and 12.b","Coryphaenoides rupestris","Roundnose grenadier","Demersal","5.2",2018,"MSY","Maximum sustainable yield","GREY","Celtic Seas Ecoregion, Faroes Ecoregion, Iceland Sea Ecoregion, Greater North Sea Ecoregion, Oceanic Northeast Atlantic Ecoregion","GREY","GREY","GREY","GREY","GREY"
"164","rng.27.5b6712b","Roundnose grenadier in subareas 6-7 and divisions 5.b and 12.b","Coryphaenoides rupestris","Roundnose grenadier","Demersal","5.2",2018,"MSY","Precautionary approach","GREY","Celtic Seas Ecoregion, Faroes Ecoregion, Iceland Sea Ecoregion, Greater North Sea Ecoregion, Oceanic Northeast Atlantic Ecoregion","GREY","GREY","GREY","GREY","GREY"
"165","san.27.6a","Sandeel in Division 6.a","Ammodytes","Sandeel","Demersal","6.3",2018,"No advice","Maximum sustainable yield","GREY","Celtic Seas Ecoregion, Faroes Ecoregion, Greater North Sea Ecoregion","GREY","GREY","GREY","GREY","GREY"
"166","san.27.6a","Sandeel in Division 6.a","Ammodytes","Sandeel","Demersal","6.3",2018,"No advice","Precautionary approach","GREY","Celtic Seas Ecoregion, Faroes Ecoregion, Greater North Sea Ecoregion","GREY","GREY","GREY","GREY","GREY"
"167","sbr.27.6-8","Blackspot seabream in subareas 6-8","Pagellus bogaraveo","Blackspot seabream","Demersal","6.3",2018,"PA","Maximum sustainable yield","GREY","Bay of Biscay and the Iberian Coast Ecoregion, Celtic Seas Ecoregion, Greater North Sea Ecoregion","GREY","GREY","GREY","GREY","GREY"
"168","sbr.27.6-8","Blackspot seabream in subareas 6-8","Pagellus bogaraveo","Blackspot seabream","Demersal","6.3",2018,"PA","Precautionary approach","GREY","Bay of Biscay and the Iberian Coast Ecoregion, Celtic Seas Ecoregion, Greater North Sea Ecoregion","GREY","GREY","GREY","GREY","GREY"
"169","sck.27.nea","Kitefin shark in subareas 1-10, 12 and 14","Dalatias licha","Kitefin shark","Elasmobranch","6.3",2019,"PA","Maximum sustainable yield","GREY","Arctic Ocean Ecoregion, Azores Ecoregion, Bay of Biscay and the Iberian Coast Ecoregion, Barents Sea Ecoregion, Celtic Seas Ecoregion, Faroes Ecoregion, Greenland Sea Ecoregion, Iceland Sea Ecoregion, Greater North Sea Ecoregion, Norwegian Sea Ecoregion, Oceanic Northeast Atlantic Ecoregion","GREY","GREY","GREY","GREY","GREY"
"170","sck.27.nea","Kitefin shark in subareas 1-10, 12 and 14","Dalatias licha","Kitefin shark","Elasmobranch","6.3",2019,"PA","Precautionary approach","GREY","Arctic Ocean Ecoregion, Azores Ecoregion, Bay of Biscay and the Iberian Coast Ecoregion, Barents Sea Ecoregion, Celtic Seas Ecoregion, Faroes Ecoregion, Greenland Sea Ecoregion, Iceland Sea Ecoregion, Greater North Sea Ecoregion, Norwegian Sea Ecoregion, Oceanic Northeast Atlantic Ecoregion","GREY","GREY","GREY","GREY","GREY"
"171","sdv.27.nea","Smooth-hound in subareas 1-10, 12 and 14","Mustelus asterias","Smooth-hound","Elasmobranch","3.2",2019,"PA","Maximum sustainable yield","GREY","Arctic Ocean Ecoregion, Azores Ecoregion, Bay of Biscay and the Iberian Coast Ecoregion, Barents Sea Ecoregion, Celtic Seas Ecoregion, Faroes Ecoregion, Greenland Sea Ecoregion, Iceland Sea Ecoregion, Greater North Sea Ecoregion, Norwegian Sea Ecoregion, Oceanic Northeast Atlantic Ecoregion","GREY","GREY","GREY","GREY","GREY"
"172","sdv.27.nea","Smooth-hound in subareas 1-10, 12 and 14","Mustelus asterias","Smooth-hound","Elasmobranch","3.2",2019,"PA","Precautionary approach","GREY","Arctic Ocean Ecoregion, Azores Ecoregion, Bay of Biscay and the Iberian Coast Ecoregion, Barents Sea Ecoregion, Celtic Seas Ecoregion, Faroes Ecoregion, Greenland Sea Ecoregion, Iceland Sea Ecoregion, Greater North Sea Ecoregion, Norwegian Sea Ecoregion, Oceanic Northeast Atlantic Ecoregion","GREY","GREY","GREY","GREY","GREY"
"173","sho.27.67","Black-mouth dogfish in subareas 6 and 7","Galeus melastomus","Black-mouth dogfish","Elasmobranch","3.9",2019,"PA/Stock status only","Maximum sustainable yield","GREY","Celtic Seas Ecoregion, Greater North Sea Ecoregion, Oceanic Northeast Atlantic Ecoregion","GREY","GREY","GREY","GREY","GREY"
"174","sho.27.67","Black-mouth dogfish in subareas 6 and 7","Galeus melastomus","Black-mouth dogfish","Elasmobranch","3.9",2019,"PA/Stock status only","Precautionary approach","GREY","Celtic Seas Ecoregion, Greater North Sea Ecoregion, Oceanic Northeast Atlantic Ecoregion","GREY","GREY","GREY","GREY","GREY"
"175","sol.27.7a","Sole in Division 7.a","Solea solea","Sole","Benthic","1",2019,"MSY","Maximum sustainable yield","GREEN","Celtic Seas Ecoregion","RED","RED","GREEN","RED","RED"
"176","sol.27.7a","Sole in Division 7.a","Solea solea","Sole","Benthic","1",2019,"MSY","Precautionary approach","GREEN","Celtic Seas Ecoregion","ORANGE","RED","GREEN","ORANGE","GREY"
"177","sol.27.7bc","Sole in divisions 7.b and 7.c","Solea solea","Sole","Benthic","6.2",2017,"PA","Maximum sustainable yield","GREY","Celtic Seas Ecoregion, Oceanic Northeast Atlantic Ecoregion","GREY","GREY","GREY","GREY","GREY"
"178","sol.27.7bc","Sole in divisions 7.b and 7.c","Solea solea","Sole","Benthic","6.2",2017,"PA","Precautionary approach","GREY","Celtic Seas Ecoregion, Oceanic Northeast Atlantic Ecoregion","GREY","GREY","GREY","GREY","GREY"
"179","sol.27.7e","Sole in Division 7.e","Solea solea","Sole","Benthic","1",2019,"MSY","Maximum sustainable yield","GREEN","Celtic Seas Ecoregion, Greater North Sea Ecoregion","GREEN","GREEN","GREEN","GREEN","GREEN"
"180","sol.27.7e","Sole in Division 7.e","Solea solea","Sole","Benthic","1",2019,"MSY","Precautionary approach","GREEN","Celtic Seas Ecoregion, Greater North Sea Ecoregion","GREEN","GREEN","GREEN","GREEN","GREEN"
"181","sol.27.7fg","Sole in divisions 7.f and 7.g","Solea solea","Sole","Benthic","1",2019,"MSY","Maximum sustainable yield","GREEN","Celtic Seas Ecoregion","GREEN","GREEN","GREEN","GREEN","GREEN"
"182","sol.27.7fg","Sole in divisions 7.f and 7.g","Solea solea","Sole","Benthic","1",2019,"MSY","Precautionary approach","GREEN","Celtic Seas Ecoregion","GREEN","GREEN","GREEN","GREEN","GREEN"
"183","sol.27.7h-k","Sole in Divisions 7.h-k","Solea solea","Sole","Benthic","3.2",2019,"PA","Maximum sustainable yield","GREEN","Celtic Seas Ecoregion, Oceanic Northeast Atlantic Ecoregion","RED","RED","GREEN","RED","RED"
"184","sol.27.7h-k","Sole in Divisions 7.h-k","Solea solea","Sole","Benthic","3.2",2019,"PA","Precautionary approach","GREEN","Celtic Seas Ecoregion, Oceanic Northeast Atlantic Ecoregion","ORANGE","RED","GREEN","ORANGE","GREY"
"185","spr.27.67a-cf-k","Sprat in Subarea 6 and Divisions 7.a-c and 7.f-k","Sprattus sprattus","Sprat","Pelagic","5.2",2019,"PA","Maximum sustainable yield","GREY","Celtic Seas Ecoregion, Oceanic Northeast Atlantic Ecoregion","GREY","GREY","GREY","GREY","GREY"
"186","spr.27.67a-cf-k","Sprat in Subarea 6 and Divisions 7.a-c and 7.f-k","Sprattus sprattus","Sprat","Pelagic","5.2",2019,"PA","Precautionary approach","GREY","Celtic Seas Ecoregion, Oceanic Northeast Atlantic Ecoregion","GREY","GREY","GREY","GREY","GREY"
"187","spr.27.7de","Sprat in divisions 7.d and 7.e","Sprattus sprattus","Sprat","Pelagic","3.2",2019,"PA","Maximum sustainable yield","GREY","Celtic Seas Ecoregion, Greater North Sea Ecoregion","GREY","GREY","GREY","GREY","GREY"
"188","spr.27.7de","Sprat in divisions 7.d and 7.e","Sprattus sprattus","Sprat","Pelagic","3.2",2019,"PA","Precautionary approach","GREY","Celtic Seas Ecoregion, Greater North Sea Ecoregion","GREY","GREY","GREY","GREY","GREY"
"189","syc.27.67a-ce-j","Lesser spotted dogfish in Subarea 6 and divisions 7.a-c and 7.e-j","Scyliorhinus canicula","Lesser-spotted dogfish","Elasmobranch","3.9",2019,"PA","Maximum sustainable yield","GREY","Celtic Seas Ecoregion, Greater North Sea Ecoregion, Oceanic Northeast Atlantic Ecoregion","GREY","GREY","GREY","GREY","GREY"
"190","syc.27.67a-ce-j","Lesser spotted dogfish in Subarea 6 and divisions 7.a-c and 7.e-j","Scyliorhinus canicula","Lesser-spotted dogfish","Elasmobranch","3.9",2019,"PA","Precautionary approach","GREY","Celtic Seas Ecoregion, Greater North Sea Ecoregion, Oceanic Northeast Atlantic Ecoregion","GREY","GREY","GREY","GREY","GREY"
"191","syt.27.67","Greater-spotted dogfish in subareas 6 and 7","Scyliorhinus stellaris","Greater-spotted dogfish","Elasmobranch","3.9",2019,"No advice","Maximum sustainable yield","GREY","Celtic Seas Ecoregion, Greater North Sea Ecoregion, Oceanic Northeast Atlantic Ecoregion","GREY","GREY","GREY","GREY","GREY"
"192","syt.27.67","Greater-spotted dogfish in subareas 6 and 7","Scyliorhinus stellaris","Greater-spotted dogfish","Elasmobranch","3.9",2019,"No advice","Precautionary approach","GREY","Celtic Seas Ecoregion, Greater North Sea Ecoregion, Oceanic Northeast Atlantic Ecoregion","GREY","GREY","GREY","GREY","GREY"
"193","usk.27.3a45b6a7-912b","Tusk in subareas 4 and 7-9 and divisions 3.a, 5.b, 6.a, and 12.b","Brosme brosme","Tusk","Demersal","3.2",2019,"PA","Maximum sustainable yield","GREEN","Bay of Biscay and the Iberian Coast Ecoregion, Celtic Seas Ecoregion, Faroes Ecoregion, Iceland Sea Ecoregion, Greater North Sea Ecoregion, Oceanic Northeast Atlantic Ecoregion","GREEN","GREEN","GREEN","GREEN","GREEN"
"194","usk.27.3a45b6a7-912b","Tusk in subareas 4 and 7-9 and divisions 3.a, 5.b, 6.a, and 12.b","Brosme brosme","Tusk","Demersal","3.2",2019,"PA","Precautionary approach","GREEN","Bay of Biscay and the Iberian Coast Ecoregion, Celtic Seas Ecoregion, Faroes Ecoregion, Iceland Sea Ecoregion, Greater North Sea Ecoregion, Oceanic Northeast Atlantic Ecoregion","GREEN","GREEN","GREEN","GREEN","GREEN"
"195","usk.27.6b","Tusk in Division 6.b","Brosme brosme","Tusk","Demersal","5.2",2018,"PA","Maximum sustainable yield","GREY","Celtic Seas Ecoregion, Oceanic Northeast Atlantic Ecoregion","GREY","GREY","GREY","GREY","GREY"
"196","usk.27.6b","Tusk in Division 6.b","Brosme brosme","Tusk","Demersal","5.2",2018,"PA","Precautionary approach","GREY","Celtic Seas Ecoregion, Oceanic Northeast Atlantic Ecoregion","GREY","GREY","GREY","GREY","GREY"
"197","whb.27.1-91214","Blue whiting in subareas 1-9, 12, and 14","Micromesistius poutassou","Blue whiting","Pelagic","1",2019,"MP","Maximum sustainable yield","RED","Arctic Ocean Ecoregion, Bay of Biscay and the Iberian Coast Ecoregion, Barents Sea Ecoregion, Celtic Seas Ecoregion, Faroes Ecoregion, Greenland Sea Ecoregion, Iceland Sea Ecoregion, Greater North Sea Ecoregion, Norwegian Sea Ecoregion, Oceanic Northeast Atlantic Ecoregion","GREEN","GREEN","RED","GREEN","RED"
"198","whb.27.1-91214","Blue whiting in subareas 1-9, 12, and 14","Micromesistius poutassou","Blue whiting","Pelagic","1",2019,"MP","Precautionary approach","GREEN","Arctic Ocean Ecoregion, Bay of Biscay and the Iberian Coast Ecoregion, Barents Sea Ecoregion, Celtic Seas Ecoregion, Faroes Ecoregion, Greenland Sea Ecoregion, Iceland Sea Ecoregion, Greater North Sea Ecoregion, Norwegian Sea Ecoregion, Oceanic Northeast Atlantic Ecoregion","GREEN","GREEN","GREEN","GREEN","GREEN"
"199","whg.27.6a","Whiting in Division 6.a","Merlangius merlangus","Whiting","Demersal","1",2018,"PA","Maximum sustainable yield","GREEN","Celtic Seas Ecoregion, Faroes Ecoregion","RED","RED","GREEN","RED","RED"
"200","whg.27.6a","Whiting in Division 6.a","Merlangius merlangus","Whiting","Demersal","1",2018,"PA","Precautionary approach","GREEN","Celtic Seas Ecoregion, Faroes Ecoregion","RED","RED","GREEN","RED","RED"
"201","whg.27.6b","Whiting in Division 6.b","Merlangius merlangus","Whiting","Demersal","6.2",2018,"PA","Maximum sustainable yield","GREY","Celtic Seas Ecoregion, Faroes Ecoregion, Oceanic Northeast Atlantic Ecoregion","GREY","GREY","GREY","GREY","GREY"
"202","whg.27.6b","Whiting in Division 6.b","Merlangius merlangus","Whiting","Demersal","6.2",2018,"PA","Precautionary approach","GREY","Celtic Seas Ecoregion, Faroes Ecoregion, Oceanic Northeast Atlantic Ecoregion","GREY","GREY","GREY","GREY","GREY"
"203","whg.27.7a","Whiting in Division 7.a","Merlangius merlangus","Whiting","Demersal","1",2019,"MSY","Maximum sustainable yield","RED","Celtic Seas Ecoregion","RED","RED","RED","RED","RED"
"204","whg.27.7a","Whiting in Division 7.a","Merlangius merlangus","Whiting","Demersal","1",2019,"MSY","Precautionary approach","RED","Celtic Seas Ecoregion","RED","RED","RED","RED","RED"
"205","whg.27.7b-ce-k","Whiting in divisions 7.b-c and 7.e-k","Merlangius merlangus","Whiting","Demersal","1",2019,"MSY","Maximum sustainable yield","RED","Celtic Seas Ecoregion, Greater North Sea Ecoregion, Oceanic Northeast Atlantic Ecoregion","RED","RED","RED","RED","RED"
"206","whg.27.7b-ce-k","Whiting in divisions 7.b-c and 7.e-k","Merlangius merlangus","Whiting","Demersal","1",2019,"MSY","Precautionary approach","GREEN","Celtic Seas Ecoregion, Greater North Sea Ecoregion, Oceanic Northeast Atlantic Ecoregion","RED","RED","GREEN","RED","RED"
